Year,Company ,Category,Market Cap(in B USD), Revenue , Gross Profit ,Net Income,Earning Per Share, EBITDA ,Share Holder Equity,Total Cash,Current Ratio,Debt/Equity Ratio,ROE,ROA,ROI,Net Profit Margin2,Free Cash Flow per Share,Return on Tangible Equity2,Number of Employees,Inflation Rate(in US)2
2022,AAPL,IT," $2,066.94 "," $394,328.00 "," $170,782.00 "," $99,803.00 ", $6.11 ," $130,541.00 "," $50,672.00 "," $(10,952.00)",87.94%,2.3695,19.70%,28.29%,6.7%,25.31%,1.3146,19.70%,164000,8.00%
2021,AAPL,IT," $2,913.28 "," $365,817.00 "," $152,836.00 "," $94,680.00 ", $5.61 ," $120,233.00 "," $63,090.00 "," $(3,860.00)",107.46%,1.9768,15.01%,26.97%,5.5%,25.88%,1.3261,15.01%,154000,4.70%
2020,AAPL,IT," $2,255.97 "," $274,515.00 "," $104,956.00 "," $57,411.00 ", $3.28 ," $77,344.00 "," $65,339.00 "," $(10,435.00)",136.36%,1.7208,8.79%,17.73%,3.5%,20.91%,1.0183,8.79%,147000,1.23%
2019,AAPL,IT," $1,304.76 "," $260,174.00 "," $98,392.00 "," $55,256.00 ", $2.97 ," $76,477.00 "," $90,488.00 "," $24,311.00 ",154.01%,1.194,6.11%,16.32%,3.0%,21.24%,-0.0388,6.11%,137000,1.81%
2018,AAPL,IT, $748.54 ," $265,595.00 "," $101,839.00 "," $59,531.00 ", $2.98 ," $81,801.00 "," $107,147.00 "," $5,624.00 ",113.29%,1.0685,5.56%,16.28%,3.0%,22.41%,0.7414,5.56%,132000,2.44%
2017,AAPL,IT, $868.87 ," $229,234.00 "," $88,186.00 "," $48,351.00 ", $2.30 ," $71,501.00 "," $134,047.00 ", $(195.00),127.61%,0.863,3.61%,12.88%,2.1%,21.09%,0.033,3.61%,123000,2.13%
2016,AAPL,IT, $617.59 ," $215,639.00 "," $84,263.00 "," $45,687.00 ", $2.08 ," $70,529.00 "," $128,249.00 ", $(636.00),135.27%,0.6786,3.56%,14.20%,2.2%,21.19%,-0.5901,3.56%,116000,1.26%
2015,AAPL,IT, $586.86 ," $233,715.00 "," $93,626.00 "," $53,394.00 ", $2.31 ," $82,487.00 "," $119,355.00 "," $7,276.00 ",110.88%,0.539,4.47%,18.39%,3.1%,22.85%,0.9743,4.47%,110000,0.12%
2014,AAPL,IT, $647.36 ," $182,795.00 "," $70,537.00 "," $39,510.00 ", $1.61 ," $60,449.00 "," $111,547.00 ", $(415.00),108.01%,0.3164,3.54%,17.04%,2.8%,21.61%,0.3032,3.54%,97000,1.62%
2013,AAPL,IT, $504.79 ," $170,910.00 "," $64,304.00 "," $37,037.00 ", $1.42 ," $55,756.00 "," $123,549.00 "," $3,513.00 ",167.86%,0.1373,3.00%,17.89%,2.6%,21.67%,0.1363,3.00%,84400,1.46%
2012,AAPL,IT, $500.61 ," $156,508.00 "," $68,662.00 "," $41,733.00 ", $1.58 ," $58,518.00 "," $118,210.00 ", $931.00 ,149.58%,0,3.53%,23.70%,3.5%,26.67%,0.3394,3.53%,76100,2.07%
2011,AAPL,IT, $376.40 ," $108,249.00 "," $43,818.00 "," $25,922.00 ", $0.99 ," $35,604.00 "," $76,615.00 "," $(1,446.00)",160.84%,0,3.38%,22.28%,3.4%,23.95%,0.6278,3.38%,63300,3.16%
2010,AAPL,IT, $296.89 ," $65,225.00 "," $25,684.00 "," $14,013.00 ", $0.54 ," $19,412.00 "," $47,791.00 "," $5,998.00 ",201.13%,0,2.93%,18.64%,2.9%,21.48%,0.2857,2.93%,49400,1.64%
2009,AAPL,IT, $189.80 ," $42,905.00 "," $17,222.00 "," $8,235.00 ", $0.32 ," $12,474.00 "," $31,640.00 "," $(6,612.00)",274.25%,0,2.60%,17.34%,2.6%,19.19%,0.355,2.60%,36800,-0.36%
2023,MSFT,IT," $2,451.23 "," $211,915.00 "," $146,052.00 "," $72,361.00 ", $9.68 ," $102,384.00 "," $206,223.00 "," $20,967.00 ",176.92%,0.2291,3.51%,17.56%,2.9%,34.15%,-0.6808,3.51%,221000,3.70%
2022,MSFT,IT," $1,787.73 "," $198,270.00 "," $135,620.00 "," $72,738.00 ", $9.65 ," $97,843.00 "," $166,542.00 ", $(152.00),178.46%,0.2989,4.37%,19.94%,3.4%,36.69%,1.2643,4.37%,221000,8.00%
2021,MSFT,IT," $2,525.08 "," $168,088.00 "," $115,856.00 "," $61,271.00 ", $8.05 ," $81,602.00 "," $141,988.00 ", $677.00 ,208.00%,0.4095,4.32%,18.36%,3.2%,36.45%,1.4887,4.32%,181000,4.70%
2020,MSFT,IT," $1,681.61 "," $143,015.00 "," $96,937.00 "," $44,281.00 ", $5.76 ," $65,755.00 "," $118,304.00 "," $2,421.00 ",251.58%,0.5353,3.74%,14.70%,2.5%,30.96%,0.9526,3.74%,163000,1.23%
2019,MSFT,IT," $1,203.06 "," $125,843.00 "," $82,933.00 "," $39,240.00 ", $5.06 ," $54,641.00 "," $102,330.00 ", $(475.00),252.88%,0.7053,3.83%,13.69%,2.3%,31.18%,0.7968,3.83%,144000,1.81%
2018,MSFT,IT, $779.67 ," $110,360.00 "," $72,007.00 "," $16,571.00 ", $2.13 ," $45,319.00 "," $82,718.00 "," $4,233.00 ",290.08%,0.9217,2.00%,6.40%,1.1%,15.02%,0.1317,2.00%,131000,2.44%
2017,MSFT,IT, $659.91 ," $96,571.00 "," $62,310.00 "," $25,489.00 ", $3.25 ," $37,803.00 "," $87,711.00 "," $1,134.00 ",291.86%,0.9827,2.91%,10.18%,1.6%,26.39%,0.8887,2.91%,124000,2.13%
2016,MSFT,IT, $483.16 ," $91,154.00 "," $58,374.00 "," $20,539.00 ", $2.56 ," $33,330.00 "," $71,997.00 ", $982.00 ,235.29%,0.7425,2.85%,10.62%,1.8%,22.53%,0.2435,2.85%,114000,1.26%
2015,MSFT,IT, $443.17 ," $93,580.00 "," $60,542.00 "," $12,193.00 ", $1.48 ," $31,616.00 "," $80,083.00 "," $(3,001.00)",247.34%,0.4407,1.52%,6.99%,1.1%,13.03%,-0.3425,1.52%,118000,0.12%
2014,MSFT,IT, $382.88 ," $86,833.00 "," $59,755.00 "," $22,074.00 ", $2.63 ," $32,971.00 "," $89,784.00 "," $5,004.00 ",250.40%,0.2522,2.46%,12.81%,2.0%,25.42%,0.3152,2.46%,128000,1.62%
2013,MSFT,IT, $312.30 ," $77,849.00 "," $57,464.00 "," $21,863.00 ", $2.58 ," $30,519.00 "," $78,944.00 "," $(3,126.00)",271.18%,0.1976,2.77%,15.35%,2.4%,28.08%,-0.5456,2.77%,118000,1.46%
2012,MSFT,IT, $224.80 ," $73,723.00 "," $56,193.00 "," $16,978.00 ", $2.00 ," $30,923.00 "," $66,363.00 "," $(2,568.00)",260.29%,0.18,2.56%,14.00%,2.2%,23.03%,0.5798,2.56%,128000,2.07%
2011,MSFT,IT, $218.38 ," $69,943.00 "," $54,366.00 "," $23,150.00 ", $2.69 ," $29,927.00 "," $57,083.00 "," $4,002.00 ",260.37%,0.2088,4.06%,21.30%,3.4%,33.10%,0.3921,4.06%,99000,3.16%
2010,MSFT,IT, $238.78 ," $62,484.00 "," $50,089.00 "," $18,760.00 ", $2.10 ," $26,771.00 "," $46,175.00 ", $(532.00),212.93%,0.1286,4.06%,21.79%,3.7%,30.02%,0.7057,4.06%,94000,1.64%
2009,MSFT,IT, $270.64 ," $58,437.00 "," $46,282.00 "," $14,569.00 ", $1.62 ," $22,925.00 "," $39,558.00 "," $(4,196.00)",182.29%,0.1453,3.68%,18.71%,3.4%,24.93%,1.7695,3.68%,90000,-0.36%
2022,GOOG,IT," $1,144.35 "," $282,836.00 "," $156,633.00 "," $59,972.00 ", $4.56 ," $90,770.00 "," $256,144.00 "," $1,440.00 ",237.80%,0.0574,2.34%,16.42%,2.2%,21.20%,-0.3613,2.34%,190234,8.00%
2021,GOOG,IT," $1,910.26 "," $257,637.00 "," $146,698.00 "," $76,033.00 ", $5.61 ," $91,155.00 "," $251,635.00 "," $(5,233.00)",292.81%,0.0589,3.02%,21.16%,2.9%,29.51%,1.7123,3.02%,156500,4.70%
2020,GOOG,IT," $1,179.40 "," $182,527.00 "," $97,795.00 "," $40,269.00 ", $2.93 ," $54,921.00 "," $222,544.00 "," $7,943.00 ",306.68%,0.0626,1.81%,12.60%,1.7%,22.06%,0.843,1.81%,135301,1.23%
2019,GOOG,IT, $917.82 ," $161,857.00 "," $89,961.00 "," $34,343.00 ", $2.46 ," $46,012.00 "," $201,442.00 "," $1,820.00 ",337.41%,0.0226,1.70%,12.45%,1.7%,21.22%,0.5566,1.70%,118899,1.81%
2018,GOOG,IT, $719.63 ," $136,819.00 "," $77,270.00 "," $30,736.00 ", $2.19 ," $36,559.00 "," $177,628.00 "," $6,288.00 ",391.90%,0.0226,1.73%,13.20%,1.7%,22.46%,-0.0705,1.73%,98771,2.44%
2017,GOOG,IT, $726.47 ," $110,855.00 "," $65,272.00 "," $12,662.00 ", $0.90 ," $33,093.00 "," $152,502.00 "," $(2,608.00)",514.03%,0.026,0.83%,6.42%,0.8%,11.42%,-0.151,0.83%,80110,2.13%
2016,GOOG,IT, $530.84 ," $90,272.00 "," $55,134.00 "," $19,478.00 ", $1.39 ," $29,860.00 "," $139,036.00 "," $(3,461.00)",629.08%,0.0283,1.40%,11.63%,1.4%,21.58%,0.6249,1.40%,72053,1.26%
2015,GOOG,IT, $521.67 ," $74,989.00 "," $46,825.00 "," $15,826.00 ", $1.14 ," $24,423.00 "," $120,331.00 "," $(1,364.00)",466.67%,0.0434,1.36%,11.09%,1.3%,21.10%,0.3054,1.36%,61814,0.12%
2014,GOOG,IT, $354.75 ," $66,001.00 "," $40,310.00 "," $14,136.00 ", $1.03 ," $21,475.00 "," $103,860.00 ", $(118.00),468.78%,0.0504,1.31%,10.54%,1.3%,21.42%,0.0463,1.31%,53600,1.62%
2013,GOOG,IT, $371.53 ," $55,519.00 "," $33,526.00 "," $12,733.00 ", $0.94 ," $19,342.00 "," $87,309.00 "," $4,123.00 ",458.17%,0.0601,1.51%,11.86%,1.5%,22.93%,-0.2373,1.51%,47756,1.46%
2012,GOOG,IT, $230.54 ," $46,039.00 "," $28,863.00 "," $10,737.00 ", $0.81 ," $16,796.00 "," $71,715.00 "," $4,792.00 ",421.66%,0.0772,1.61%,12.32%,1.5%,23.32%,0.1539,1.61%,53861,2.07%
2011,GOOG,IT, $207.65 ," $37,905.00 "," $24,717.00 "," $9,737.00 ", $0.74 ," $13,593.00 "," $58,145.00 "," $(3,669.00)",591.92%,0.0723,1.67%,13.42%,1.6%,25.69%,0.3039,1.67%,32467,3.16%
2010,GOOG,IT, $188.54 ," $29,321.00 "," $18,904.00 "," $8,505.00 ", $0.66 ," $11,777.00 "," $46,241.00 "," $3,451.00 ",415.79%,0.0749,1.84%,14.70%,1.8%,29.01%,-0.1195,1.84%,24400,1.64%
2009,GOOG,IT, $195.27 ," $23,651.00 "," $14,807.00 "," $6,520.00 ", $0.51 ," $9,836.00 "," $36,004.00 "," $1,530.00 ",1061.78%,0,1.81%,16.10%,1.8%,27.57%,0.6657,1.81%,19835,-0.36%
2022,PYPL,FinTech, $81.19 ," $27,518.00 "," $11,653.00 "," $2,419.00 ", $2.09 ," $5,154.00 "," $20,274.00 "," $1,282.00 ",127.53%,0.5138,1.19%,3.07%,0.8%,8.79%,0.288,1.19%,29900,8.00%
2021,PYPL,FinTech, $221.57 ," $25,371.00 "," $11,921.00 "," $4,169.00 ", $3.52 ," $5,527.00 "," $21,727.00 ", $91.00 ,122.18%,0.3705,1.92%,5.50%,1.4%,16.43%,-0.4843,1.92%,30900,4.70%
2020,PYPL,FinTech, $274.41 ," $21,454.00 "," $10,001.00 "," $4,202.00 ", $3.54 ," $4,478.00 "," $20,063.00 "," $2,128.00 ",132.64%,0.4455,2.09%,5.97%,1.4%,19.59%,1.7623,2.09%,26500,1.23%
2019,PYPL,FinTech, $127.01 ," $17,772.00 "," $7,987.00 "," $2,459.00 ", $2.07 ," $3,631.00 "," $16,929.00 "," $2,516.00 ",143.00%,0.2933,1.45%,4.79%,1.1%,13.84%,-1.0251,1.45%,23200,1.81%
2018,PYPL,FinTech, $99.09 ," $15,451.00 "," $7,189.00 "," $2,057.00 ", $1.71 ," $2,970.00 "," $15,386.00 "," $5,061.00 ",127.25%,0.1299,1.34%,4.75%,1.3%,13.31%,2.347,1.34%,21800,2.44%
2017,PYPL,FinTech, $88.48 ," $13,094.00 "," $6,399.00 "," $1,795.00 ", $1.47 ," $2,932.00 "," $15,994.00 "," $2,130.00 ",142.79%,0.0625,1.12%,4.40%,1.1%,13.71%,-0.5169,1.12%,18700,2.13%
2016,PYPL,FinTech, $47.63 ," $10,842.00 "," $5,141.00 "," $1,401.00 ", $1.15 ," $2,310.00 "," $14,712.00 ", $(708.00),152.46%,0,0.95%,4.23%,1.0%,12.92%,0.5382,0.95%,18100,1.26%
2015,PYPL,FinTech, $44.23 ," $9,248.00 "," $4,719.00 "," $1,228.00 ", $1.00 ," $2,069.00 "," $13,759.00 ", $(764.00),151.63%,0,0.89%,4.25%,0.9%,13.28%,0.0935,0.89%,16800,0.12%
2014,PYPL,FinTech,," $8,025.00 "," $4,218.00 ", $419.00 , $0.34 ," $1,784.00 "," $8,248.00 ", $623.00 ,132.24%,0.1325,0.51%,1.91%,0.5%,5.22%,0.103,0.51%,15800,1.62%
2022,AIG,Bank,46.99," $56,437.00 "," $20,762.00 "," $10,247.00 ", $13.01 ," $20,640.00 "," $42,235.00 ", $(95.00),100.00%,0.6435,2.70%,2.14%,1.6%,18.16%,-1.9207,2.70%,26200,8.00%
2021,AIG,Bank,47.21," $52,057.00 "," $15,322.00 "," $9,359.00 ", $10.82 ," $15,382.00 "," $68,912.00 ", $(736.00),100.00%,0.4377,1.45%,1.66%,1.0%,17.98%,6.0658,1.45%,36600,4.70%
2020,AIG,Bank,32.62," $43,736.00 "," $6,912.00 "," $(5,973.00)", $(6.88)," $6,821.00 "," $67,199.00 ", $(106.00),100.00%,0.5586,-0.87%,-0.99%,-0.6%,-13.66%,3.2256,-0.87%,45000,1.23%
2019,AIG,Bank,44.65," $49,746.00 "," $11,975.00 "," $3,326.00 ", $3.74 ," $11,817.00 "," $67,427.00 ", $(24.00),100.00%,0.5243,0.62%,0.78%,0.4%,6.69%,-1.5986,0.62%,46000,1.81%
2018,AIG,Bank,34.86," $47,389.00 "," $6,921.00 ", $(6.00), $(0.01)," $6,897.00 "," $57,309.00 ", $632.00 ,100.00%,0.6027,0.02%,0.02%,0.0%,-0.01%,7.9685,0.02%,49600,2.44%
2017,AIG,Bank,53.56," $49,520.00 "," $6,849.00 "," $(6,084.00)", $(6.54)," $6,435.00 "," $65,708.00 ", $526.00 ,100.00%,0.4815,-0.92%,-1.22%,-0.6%,-12.29%,-11.611,-0.92%,49800,2.13%
2016,AIG,Bank,67.08," $52,367.00 "," $5,236.00 ", $(849.00), $(0.78)," $4,805.00 "," $76,858.00 ", $(79.00),100.00%,0.4022,-0.03%,-0.05%,0.0%,-1.62%,1.0537,-0.03%,56400,1.26%
2015,AIG,Bank,76.66," $58,327.00 "," $10,565.00 "," $2,196.00 ", $1.65 ," $9,958.00 "," $90,210.00 ", $(90.00),100.00%,0.3242,0.25%,0.45%,0.2%,3.77%,-1.303,0.25%,66400,0.12%
2014,AIG,Bank,78.41," $64,406.00 "," $19,219.00 "," $7,529.00 ", $5.20 ," $16,752.00 "," $107,272.00 ", $(497.00),100.00%,0.291,0.71%,1.47%,0.5%,11.69%,-0.5007,0.71%,65000,1.62%
2013,AIG,Bank,75.16," $68,874.00 "," $21,915.00 "," $9,085.00 ", $6.13 ," $16,922.00 "," $101,081.00 "," $1,206.00 ",100.00%,0.4125,0.89%,1.66%,0.6%,13.19%,1.7809,0.89%,64000,1.46%
2012,AIG,Bank,52.11," $71,214.00 "," $21,825.00 "," $3,438.00 ", $2.04 ," $19,327.00 "," $98,669.00 ", $(276.00),100.00%,0.4915,0.37%,0.67%,0.3%,4.83%,2.2237,0.37%,63000,2.07%
2011,AIG,Bank,44.06," $65,105.00 "," $18,692.00 "," $19,810.00 ", $11.01 ," $15,225.00 "," $102,393.00 ", $(559.00),100.00%,0.7349,1.84%,3.41%,1.1%,30.43%,-121.5022,1.84%,57000,3.16%
2010,AIG,Bank,7.79," $72,829.00 "," $16,787.00 "," $2,046.00 ", $14.98 ," $21,166.00 "," $113,239.00 "," $(2,576.00)",100.00%,0.7548,3.21%,1.94%,0.7%,2.81%,-15.8715,3.21%,63000,1.64%
2009,AIG,Bank,4.04," $75,447.00 "," $18,614.00 "," $(12,244.00)", $(90.48)," $27,765.00 "," $98,076.00 "," $(4,635.00)",100.00%,1.1552,-4.53%,-1.51%,-0.6%,-16.23%,137.3287,-4.53%,96000,-0.36%
2022,PCG,Manufacturing,41.28," $21,680.00 "," $16,824.00 "," $1,800.00 ", $0.84 ," $5,693.00 "," $23,075.00 ", $640.00 ,81.17%,2.2563,0.79%,1.53%,0.3%,8.30%,-0.016,0.79%,26010,8.00%
2021,PCG,Manufacturing,32.2," $20,642.00 "," $16,261.00 ", $(102.00), $(0.05)," $5,286.00 "," $21,223.00 ", $(320.00),63.56%,2.1152,-0.04%,-0.09%,0.0%,-0.49%,18.6025,-0.04%,26000,4.70%
2020,PCG,Manufacturing,24.1," $18,469.00 "," $14,571.00 "," $(1,318.00)", $(1.05)," $5,223.00 "," $21,253.00 ", $(950.00),70.70%,1.9227,-0.61%,-1.33%,-0.2%,-7.14%,-18.5013,-0.61%,24000,1.23%
2019,PCG,Manufacturing,24.73," $17,129.00 "," $13,300.00 "," $(7,656.00)", $(14.50)," $(6,860.00)"," $5,388.00 ", $(98.00),133.21%,0,-14.18%,-8.97%,-14.2%,-44.70%,0.5729,-14.18%,23000,1.81%
2018,PCG,Manufacturing,5.75," $16,759.00 "," $12,260.00 "," $(6,851.00)", $(13.25)," $(6,664.00)"," $12,903.00 "," $1,219.00 ",22.05%,1.7046,-5.30%,-8.88%,-5.3%,-40.88%,-4.0631,-5.30%,24000,2.44%
2017,PCG,Manufacturing,12.32," $17,135.00 "," $12,080.00 "," $1,646.00 ", $3.21 ," $5,759.00 "," $19,472.00 ", $272.00 ,88.10%,0.9824,0.85%,2.44%,0.4%,9.61%,3.2498,0.85%,23000,2.13%
2016,PCG,Manufacturing,23.06," $17,666.00 "," $12,286.00 "," $1,393.00 ", $2.78 ," $4,835.00 "," $18,192.00 ", $(173.00),81.49%,1.0134,0.77%,2.05%,0.4%,7.89%,0.2656,0.77%,24000,1.26%
2015,PCG,Manufacturing,30.73," $16,833.00 "," $11,071.00 ", $874.00 , $1.79 ," $4,120.00 "," $16,828.00 ", $(28.00),91.36%,1.0164,0.53%,1.40%,0.3%,5.19%,-0.4285,0.53%,23000,0.12%
2014,PCG,Manufacturing,26.09," $17,090.00 "," $10,521.00 "," $1,436.00 ", $3.06 ," $4,883.00 "," $16,000.00 ", $(145.00),107.92%,0.9802,0.91%,2.41%,0.5%,8.40%,1.5681,0.91%,22581,1.62%
2013,PCG,Manufacturing,25.29," $15,598.00 "," $9,614.00 ", $814.00 , $1.83 ," $3,839.00 "," $14,594.00 ", $(105.00),79.77%,1.0127,0.57%,1.49%,0.3%,5.22%,-4.6071,0.57%,21166,1.46%
2012,PCG,Manufacturing,18.1," $15,040.00 "," $10,017.00 ", $816.00 , $1.92 ," $3,965.00 "," $13,326.00 ", $(112.00),81.86%,1.0062,0.62%,1.58%,0.3%,5.43%,1.3509,0.62%,20593,2.07%
2011,PCG,Manufacturing,17.14," $14,956.00 "," $9,623.00 ", $844.00 , $2.10 ," $4,157.00 "," $12,353.00 ", $222.00 ,83.62%,1.1241,0.69%,1.72%,0.4%,5.64%,0.7766,0.69%,19274,3.16%
2010,PCG,Manufacturing,16.73," $13,841.00 "," $8,652.00 "," $1,099.00 ", $2.82 ," $4,213.00 "," $11,534.00 ", $(236.00),77.13%,1.1613,0.96%,2.42%,0.5%,7.94%,0.8604,0.96%,19424,1.64%
2009,PCG,Manufacturing,18.76," $13,399.00 "," $8,397.00 "," $1,220.00 ", $3.20 ," $4,051.00 "," $10,585.00 ", $308.00 ,83.03%,1.2063,1.17%,2.87%,0.6%,9.11%,-2.3808,1.17%,19425,-0.36%
2018,SHLDQ,Finance,0.04," $16,702.00 "," $3,527.00 ", $(383.00), $(3.57), $(52.00)," $(3,723.00)", $50.00 ,77.56%,-1.1099,1.03%,-5.27%,2.6%,-2.29%,3.0663,1.03%,89900,2.44%
2017,SHLDQ,Finance,0.37," $22,138.00 "," $4,686.00 "," $(2,221.00)", $(20.78)," $(1,610.00)"," $(3,824.00)", $48.00 ,106.73%,-1.0887,5.81%,-23.72%,88.5%,-10.03%,-13.9382,5.81%,140000,2.13%
2016,SHLDQ,Finance,1.11," $25,146.00 "," $5,810.00 "," $(1,129.00)", $(10.59), $(570.00)," $(1,956.00)", $(12.00),111.16%,-1.5215,5.77%,-9.95%,-74.2%,-4.49%,14.9014,5.77%,178000,1.26%
2015,SHLDQ,Finance,2.19," $31,198.00 "," $7,149.00 "," $(1,682.00)", $(15.82), $(889.00), $(945.00), $(775.00),104.79%,-3.9958,19.15%,-13.73%,-8.5%,-5.39%,-7.424,19.15%,196000,0.12%
2014,SHLDQ,Finance,3.51," $36,188.00 "," $8,755.00 "," $(1,365.00)", $(12.87), $(195.00)," $2,183.00 ", $457.00 ,109.46%,1.9464,-5.11%,-6.11%,-2.2%,-3.77%,-2.7683,-5.11%,226000,1.62%
2013,SHLDQ,Finance,4.9," $39,854.00 "," $10,514.00 ", $(930.00), $(8.78), $(8.00)," $3,172.00 ", $(139.00),110.11%,0.9836,-3.32%,-5.45%,-2.1%,-2.33%,4.5387,-3.32%,246000,1.46%
2012,SHLDQ,Finance,4.47," $41,567.00 "," $10,601.00 "," $(3,140.00)", $(29.40), $(648.00)," $4,341.00 ", $(612.00),111.20%,0.8047,-7.19%,-14.59%,-4.9%,-7.55%,-3.5464,-7.19%,264000,2.07%
2011,SHLDQ,Finance,3.39," $42,664.00 "," $11,664.00 ", $133.00 , $1.19 ," $1,306.00 "," $8,614.00 ", $(378.00),133.75%,0.3707,0.16%,0.57%,0.1%,0.31%,-12.4078,0.16%,280000,3.16%
2010,SHLDQ,Finance,8.22," $43,360.00 "," $11,986.00 ", $235.00 , $1.99 ," $1,561.00 "," $9,435.00 ", $384.00 ,130.18%,0.2655,0.30%,1.13%,0.3%,0.54%,5.4337,0.30%,290000,1.64%
2009,SHLDQ,Finance,8.98," $46,770.00 "," $12,652.00 ", $53.00 , $0.42 ," $1,283.00 "," $9,699.00 ", $(288.00),134.12%,0.301,0.10%,0.39%,0.1%,0.11%,4.5748,0.10%,291000,-0.36%
2022,MCD,FOOD,186.39," $23,182.60 "," $13,207.20 "," $6,177.40 ", $8.33 ," $11,241.60 "," $(6,003.40)"," $(1,871.60)",142.66%,-5.9805,-10.29%,12.25%,2.1%,26.65%,-2.1323,-10.29%,150000,8.00%
2021,MCD,FOOD,193.02," $23,222.90 "," $12,580.20 "," $7,545.20 ", $10.04 ," $12,224.10 "," $(4,601.00)"," $1,380.20 ",177.82%,-7.7424,-16.40%,14.01%,2.4%,32.49%,3.3857,-16.40%,200000,4.70%
2020,MCD,FOOD,200.31," $19,207.80 "," $9,752.10 "," $4,730.50 ", $6.31 ," $9,075.40 "," $(7,824.90)"," $2,470.40 ",101.00%,-4.7848,-6.05%,8.99%,1.7%,24.63%,-1.4852,-6.05%,200000,1.23%
2019,MCD,FOOD,159.89," $21,364.40 "," $11,179.40 "," $6,025.40 ", $7.88 ," $10,687.70 "," $(8,210.30)", $56.20 ,98.26%,-4.1627,-7.34%,12.68%,2.3%,28.20%,2.1046,-7.34%,205000,1.81%
2018,MCD,FOOD,148.82," $21,257.90 "," $10,832.60 "," $5,924.30 ", $7.54 ," $10,304.60 "," $(6,258.40)"," $(1,438.00)",136.31%,-4.9654,-9.47%,18.06%,2.4%,27.87%,0.8436,-9.47%,210000,2.44%
2017,MCD,FOOD,136.89," $22,820.40 "," $10,620.80 "," $5,192.30 ", $6.37 ," $10,916.10 "," $(3,268.00)", $802.40 ,184.29%,-9.0381,-15.89%,15.36%,2.0%,22.75%,-0.2793,-15.89%,235000,2.13%
2016,MCD,FOOD,137.21," $24,621.90 "," $10,204.70 "," $4,686.50 ", $5.44 ," $9,261.00 "," $(2,204.30)"," $(6,184.40)",139.80%,-11.775,-21.26%,15.11%,2.0%,19.03%,-0.21,-21.26%,375000,1.26%
2015,MCD,FOOD,101.08," $25,413.00 "," $9,789.20 "," $4,529.30 ", $4.80 ," $8,701.20 "," $7,087.90 "," $5,854.40 ",326.84%,3.4033,6.39%,11.94%,1.5%,17.82%,0.9354,6.39%,420000,0.12%
2014,MCD,FOOD,108.48," $27,441.30 "," $10,455.70 "," $4,757.80 ", $4.82 ," $9,593.70 "," $12,853.40 ", $(192.90),152.32%,1.162,3.70%,13.90%,1.7%,17.34%,0.0221,3.70%,420000,1.62%
2013,MCD,FOOD,91.19," $28,105.70 "," $10,902.70 "," $5,585.90 ", $5.55 ," $10,349.40 "," $16,009.70 ", $403.90 ,159.31%,0.8826,3.49%,15.25%,1.9%,19.87%,0.4311,3.49%,440000,1.46%
2012,MCD,FOOD,96.55," $27,567.00 "," $10,816.30 "," $5,464.80 ", $5.36 ," $10,093.10 "," $15,293.60 ", $(51.00),144.64%,0.8914,3.57%,15.44%,1.9%,19.82%,-0.3911,3.57%,440000,2.07%
2011,MCD,FOOD,88.56," $27,006.00 "," $10,686.60 "," $5,503.10 ", $5.27 ," $9,944.70 "," $14,390.20 ", $46.20 ,125.47%,0.8687,3.82%,16.68%,2.1%,20.38%,0.3369,3.82%,420000,3.16%
2010,MCD,FOOD,102.66," $24,074.60 "," $9,637.30 "," $4,946.30 ", $4.58 ," $8,749.30 "," $14,634.20 ", $556.90 ,149.37%,0.7862,3.38%,15.47%,1.9%,20.55%,0.463,3.38%,400000,1.64%
2009,MCD,FOOD,81.1," $22,744.70 "," $8,791.80 "," $4,551.00 ", $4.11 ," $8,057.20 "," $14,033.90 ", $(325.30),114.31%,0.7538,3.24%,15.06%,1.9%,20.01%,3.4305,3.24%,385000,-0.36%
2022,BCS,BANK,32.53," $30,868.08 "," $30,868.08 "," $6,212.95 ", $1.47 , $1.00 ," $85,667.70 "," $11,446.27 ",100.00%,7.1602,0.86%,0.39%,0.1%,21.16%,-6.5477,0.86%,87400,8.00%
2021,BCS,BANK,43.6," $30,169.69 "," $30,169.69 "," $8,766.26 ", $2.01 , $1.00 ," $96,547.15 "," $73,287.33 ",100.00%,6.3396,1.03%,0.52%,0.2%,28.22%,-1.4283,1.03%,81600,4.70%
2020,BCS,BANK,34.66," $27,947.54 "," $27,947.54 "," $1,959.38 ", $0.44 , $1.00 ," $85,876.48 "," $53,749.53 ",100.00%,6.0327,0.37%,0.18%,0.1%,9.01%,20.4341,0.37%,83000,1.23%
2019,BCS,BANK,40.78," $27,621.90 "," $27,621.90 "," $4,180.57 ", $0.72 , $1.00 ," $83,841.26 "," $(31,195.95)",100.00%,5.3348,0.51%,0.29%,0.1%,16.60%,-6.2895,0.51%,80800,1.81%
2018,BCS,BANK,31.68," $28,212.33 "," $28,212.33 "," $1,860.71 ", $0.49 , $1.00 ," $85,132.21 "," $3,195.51 ",100.00%,5.8975,0.37%,0.21%,0.1%,7.09%,-15.5712,0.37%,83500,2.44%
2017,BCS,BANK,45.79," $27,162.75 "," $27,162.75 "," $(2,477.07)", $(0.57), $1.00 ," $85,081.42 "," $83,996.25 ",100.00%,5.2797,0.20%,0.11%,0.0%,-10.26%,14.5974,0.20%,79900,2.13%
2016,BCS,BANK,46.21," $29,072.54 "," $29,072.54 "," $2,373.13 ", $0.56 , $1.00 ," $96,720.98 "," $63,259.99 ",100.00%,3.5002,0.31%,0.18%,0.1%,9.18%,-2.4382,0.31%,119300,1.26%
2015,BCS,BANK,53.45," $38,919.16 "," $38,919.16 ", $(495.40), $(0.12), $1.00 ," $100,706.10 "," $11,089.83 ",100.00%,3.6646,0.09%,0.06%,0.0%,-1.39%,9.9996,0.09%,129400,0.12%
2014,BCS,BANK,60.47," $41,677.15 "," $41,677.15 ", $(197.77), $(0.05), $1.00 ," $108,705.40 "," $(4,687.19)",100.00%,5.0612,0.13%,0.06%,0.0%,-0.52%,6.6557,0.13%,132300,1.62%
2013,BCS,BANK,55.49," $43,712.69 "," $43,712.69 ", $846.56 , $0.23 , $1.00 ," $100,067.40 "," $(65,579.19)",100.00%,6.6208,0.20%,0.10%,0.1%,2.18%,-3.8585,0.20%,139600,1.46%
2012,BCS,BANK,52.82," $46,036.06 "," $46,036.06 "," $(1,650.09)", $(0.54), $1.00 ," $99,793.14 "," $(37,498.71)",100.00%,7.688,-0.04%,-0.02%,0.0%,-4.09%,-21.998,-0.04%,139200,2.07%
2011,BCS,BANK,33.47," $48,866.82 "," $48,866.82 "," $6,338.98 ", $1.54 , $1.00 ," $104,600.50 "," $34,022.91 ",100.00%,7.6045,0.46%,0.19%,0.1%,12.24%,6.1199,0.46%,141100,3.16%
2010,BCS,BANK,47.13," $49,030.07 "," $49,030.07 "," $7,034.11 ", $1.84 , $1.00 ," $96,275.73 "," $20,438.99 ",100.00%,9.3328,0.61%,0.25%,0.2%,14.47%,-12.8733,0.61%,147500,1.64%
2009,BCS,BANK,36.84," $45,992.04 "," $45,992.04 "," $5,497.87 ", $5.12 , $1.00 ," $91,570.70 "," $82,515.10 ",100.00%,8.5152,1.95%,0.83%,0.5%,12.06%,21.5535,1.95%,144200,-0.36%
2023,NVDA,ELEC,1000.35," $26,974.00 "," $15,356.00 "," $4,368.00 ", $1.74 ," $5,768.00 "," $22,101.00 "," $1,399.00 ",351.56%,0.4956,1.98%,10.61%,1.4%,16.19%,-1.689,1.98%,26196,3.70%
2022,NVDA,ELEC,359.5," $26,914.00 "," $17,475.00 "," $9,752.00 ", $3.85 ," $11,215.00 "," $26,612.00 "," $1,143.00 ",665.03%,0.4113,3.66%,22.07%,2.6%,36.23%,1.3378,3.66%,22473,8.00%
2021,NVDA,ELEC,735.86," $16,675.00 "," $10,396.00 "," $4,332.00 ", $1.73 ," $5,630.00 "," $16,893.00 "," $(10,049.00)",409.04%,0.4122,2.56%,15.05%,1.9%,25.98%,0.1419,2.56%,18975,4.70%
2020,NVDA,ELEC,323.24," $10,918.00 "," $6,768.00 "," $2,796.00 ", $1.13 ," $3,227.00 "," $12,204.00 "," $10,114.00 ",767.38%,0.1631,2.29%,16.15%,2.0%,25.61%,0.471,2.29%,13775,1.23%
2019,NVDA,ELEC,144," $11,716.00 "," $7,171.00 "," $4,141.00 ", $1.66 ," $4,066.00 "," $9,342.00 "," $(3,220.00)",794.36%,0.2128,4.43%,31.15%,3.7%,35.34%,0.1057,4.43%,13277,1.81%
2018,NVDA,ELEC,81.44," $9,714.00 "," $5,822.00 "," $3,047.00 ", $1.21 ," $3,409.00 "," $7,471.00 "," $2,236.00 ",802.69%,0.2677,4.08%,27.11%,3.2%,31.37%,0.5725,4.08%,11528,2.44%
2017,NVDA,ELEC,117.26," $6,910.00 "," $4,063.00 "," $1,666.00 ", $0.64 ," $2,121.00 "," $5,762.00 "," $1,170.00 ",477.40%,0.4877,2.89%,16.93%,2.1%,24.11%,0.0975,2.89%,10299,2.13%
2016,NVDA,ELEC,57.53," $5,010.00 "," $2,811.00 ", $614.00 , $0.27 , $973.00 ," $4,469.00 ", $99.00 ,257.46%,0.3379,1.37%,8.33%,1.3%,12.26%,0.124,1.37%,9227,1.26%
2015,NVDA,ELEC,17.73," $4,682.00 "," $2,599.00 ", $631.00 , $0.28 ," $1,007.00 "," $4,418.00 ", $(655.00),637.61%,0.3164,1.43%,8.76%,1.1%,13.48%,0.1033,1.43%,9228,0.12%
2014,NVDA,ELEC,10.9," $4,130.00 "," $2,268.00 ", $440.00 , $0.19 , $740.00 ," $4,456.40 ", $419.00 ,594.90%,0.3083,0.99%,6.07%,0.8%,10.65%,-0.0022,0.99%,8808,1.62%
2013,NVDA,ELEC,9.11," $4,280.16 "," $2,226.34 ", $562.54 , $0.23 , $874.47 ," $4,827.70 ", $64.91 ,489.16%,0.0039,1.17%,8.77%,1.2%,13.14%,-0.0561,1.17%,7974,1.46%
2012,NVDA,ELEC,7.66," $3,997.93 "," $2,056.52 ", $581.09 , $0.24 , $852.50 ," $4,145.72 ", $2.51 ,419.95%,0.0052,1.40%,10.46%,1.4%,14.53%,0.0671,1.40%,7133,2.07%
2011,NVDA,ELEC,8.46," $3,543.31 "," $1,409.09 ", $253.15 , $0.11 , $442.74 ," $3,181.46 ", $218.14 ,342.32%,0.0074,0.80%,5.63%,0.8%,7.14%,0.0588,0.80%,6029,3.16%
2010,NVDA,ELEC,8.95," $3,326.45 "," $1,176.92 ", $(67.99), $(0.03), $97.72 ," $2,665.14 ", $29.53 ,316.28%,0.0092,-0.26%,-1.90%,-0.3%,-2.04%,0.2588,-0.26%,5706,1.64%
2009,NVDA,ELEC,10.37," $3,424.86 "," $1,174.27 ", $(30.04), $(0.01), $114.32 ," $2,394.65 ", $(309.28),278.45%,0.0107,-0.13%,-0.90%,-0.1%,-0.88%,-0.0722,-0.13%,5420,-0.36%
2022,INTC,ELEC,109.08," $63,054.00 "," $26,866.00 "," $8,014.00 ", $1.94 ," $15,369.00 "," $103,286.00 "," $6,317.00 ",156.76%,0.4071,0.78%,4.40%,0.6%,12.71%,-4.564,0.78%,131900,8.00%
2021,INTC,ELEC,209.45," $79,024.00 "," $43,815.00 "," $19,868.00 ", $4.86 ," $31,248.00 "," $95,391.00 "," $(1,038.00)",213.23%,0.3994,2.08%,11.80%,1.5%,25.14%,-2.8278,2.08%,121100,4.70%
2020,INTC,ELEC,104.16," $77,867.00 "," $43,612.00 "," $20,899.00 ", $4.94 ," $35,917.00 "," $81,038.00 "," $1,671.00 ",190.87%,0.4492,2.58%,13.65%,1.8%,26.84%,1.2739,2.58%,110600,1.23%
2019,INTC,ELEC,260.35," $71,965.00 "," $42,140.00 "," $21,048.00 ", $4.71 ," $32,861.00 "," $77,504.00 "," $1,175.00 ",140.02%,0.3742,2.72%,15.42%,2.0%,29.25%,0.7539,2.72%,110800,1.81%
2018,INTC,ELEC,214.19," $70,848.00 "," $43,737.00 "," $21,053.00 ", $4.48 ," $32,401.00 "," $74,563.00 ", $(414.00),173.14%,0.3535,2.82%,16.45%,2.1%,29.72%,0.8946,2.82%,107400,2.44%
2017,INTC,ELEC,216.03," $62,761.00 "," $39,098.00 "," $9,601.00 ", $1.99 ," $26,179.00 "," $69,019.00 "," $(2,127.00)",169.34%,0.3885,1.39%,7.79%,1.0%,15.30%,-0.3622,1.39%,102700,2.13%
2016,INTC,ELEC,171.88," $59,387.00 "," $36,233.00 "," $10,316.00 ", $2.12 ," $20,923.00 "," $66,226.00 "," $(9,748.00)",174.90%,0.3818,1.56%,9.10%,1.2%,17.37%,0.1101,1.56%,106000,1.26%
2015,INTC,ELEC,162.57," $55,355.00 "," $34,679.00 "," $11,420.00 ", $2.33 ," $22,713.00 "," $61,085.00 "," $12,747.00 ",244.92%,0.3711,1.87%,11.26%,1.4%,20.63%,0.3492,1.87%,107300,0.12%
2014,INTC,ELEC,175.46," $55,870.00 "," $35,609.00 "," $11,704.00 ", $2.31 ," $23,896.00 "," $55,865.00 "," $(3,098.00)",173.19%,0.2444,2.10%,12.74%,1.7%,20.95%,0.0651,2.10%,106700,1.62%
2013,INTC,ELEC,129.02," $52,708.00 "," $31,521.00 "," $9,620.00 ", $1.89 ," $20,323.00 "," $58,256.00 "," $(2,795.00)",236.47%,0.2308,1.65%,10.42%,1.3%,18.25%,0.452,1.65%,107600,1.46%
2012,INTC,ELEC,102.61," $53,341.00 "," $33,151.00 "," $11,005.00 ", $2.13 ," $22,160.00 "," $51,203.00 "," $3,416.00 ",243.12%,0.2626,2.15%,13.05%,1.7%,20.63%,-0.3622,2.15%,105000,2.07%
2011,INTC,ELEC,123.48," $53,999.00 "," $33,757.00 "," $12,942.00 ", $2.39 ," $23,541.00 "," $45,911.00 ", $(438.00),215.10%,0.1597,2.82%,18.20%,2.4%,23.97%,-0.1314,2.82%,100100,3.16%
2010,INTC,ELEC,117.31," $43,623.00 "," $28,491.00 "," $11,464.00 ", $2.01 ," $20,226.00 "," $49,430.00 "," $1,511.00 ",338.92%,0.0428,2.32%,18.14%,2.2%,26.28%,0.8374,2.32%,82500,1.64%
2009,INTC,ELEC,112.65," $35,127.00 "," $19,561.00 "," $4,369.00 ", $0.77 ," $10,763.00 "," $41,704.00 ", $637.00 ,278.71%,0.0533,1.05%,8.23%,1.0%,12.44%,1.1789,1.05%,79800,-0.36%
2022,AMZN,LOGI,856.94," $513,983.00 "," $225,152.00 "," $(2,722.00)", $(0.27)," $54,169.00 "," $146,043.00 "," $18,869.00 ",94.46%,0.4598,-0.19%,-0.59%,-0.1%,-0.53%,-0.2546,-0.19%,1541000,8.00%
2021,AMZN,LOGI,1691," $469,822.00 "," $197,478.00 "," $33,364.00 ", $3.24 ," $59,312.00 "," $138,245.00 "," $(5,536.00)",113.58%,0.3526,2.41%,7.93%,1.8%,7.10%,-3.9226,2.41%,1608000,4.70%
2020,AMZN,LOGI,1634.16," $386,064.00 "," $152,757.00 "," $21,331.00 ", $2.09 ," $48,079.00 "," $93,404.00 "," $5,349.00 ",105.02%,0.3406,2.28%,6.64%,1.7%,5.53%,0.4798,2.28%,1298000,1.23%
2019,AMZN,LOGI,916.15," $280,522.00 "," $114,986.00 "," $11,588.00 ", $1.15 ," $36,330.00 "," $62,060.00 "," $4,167.00 ",109.70%,0.3773,1.87%,5.14%,1.4%,4.13%,0.622,1.87%,798000,1.81%
2018,AMZN,LOGI,734.42," $232,887.00 "," $93,731.00 "," $10,073.00 ", $1.01 ," $27,762.00 "," $43,549.00 "," $10,668.00 ",109.81%,0.5395,2.31%,6.19%,1.5%,4.33%,1.0975,2.31%,647500,2.44%
2017,AMZN,LOGI,563.54," $177,866.00 "," $65,932.00 "," $3,033.00 ", $0.31 ," $15,584.00 "," $27,709.00 "," $1,209.00 ",104.00%,0.893,1.09%,2.31%,0.6%,1.71%,-0.2387,1.09%,566000,2.13%
2016,AMZN,LOGI,356.31," $135,987.00 "," $47,722.00 "," $2,371.00 ", $0.25 ," $12,302.00 "," $19,285.00 "," $3,971.00 ",104.48%,0.399,1.23%,2.84%,0.9%,1.74%,0.3003,1.23%,341400,1.26%
2015,AMZN,LOGI,316.83," $107,006.00 "," $35,355.00 ", $596.00 , $0.06 ," $8,514.00 "," $13,384.00 "," $1,707.00 ",105.36%,0.6147,0.45%,0.92%,0.3%,0.56%,0.57,0.45%,230800,0.12%
2014,AMZN,LOGI,143.7," $88,988.00 "," $26,236.00 ", $(241.00), $(0.03)," $4,924.00 "," $10,741.00 "," $6,209.00 ",111.53%,0.7695,-0.22%,-0.44%,-0.1%,-0.27%,-0.0075,-0.22%,154100,1.62%
2013,AMZN,LOGI,182.54," $74,452.00 "," $20,271.00 ", $274.00 , $0.03 ," $3,998.00 "," $9,746.00 ", $660.00 ,107.16%,0.3274,0.28%,0.68%,0.2%,0.37%,0.1748,0.28%,117300,1.46%
2012,AMZN,LOGI,113.63," $61,093.00 "," $15,122.00 ", $(39.00), $(0.00)," $2,835.00 "," $8,192.00 "," $2,844.00 ",112.07%,0.3765,-0.05%,-0.12%,0.0%,-0.06%,-0.1833,-0.05%,88400,2.07%
2011,AMZN,LOGI,78.72," $48,077.00 "," $10,789.00 ", $631.00 , $0.07 ," $1,945.00 "," $7,757.00 "," $1,491.00 ",117.41%,0.0329,0.81%,2.50%,0.8%,1.31%,-0.049,0.81%,56200,3.16%
2010,AMZN,LOGI,80.79," $34,204.00 "," $7,643.00 "," $1,152.00 ", $0.13 ," $1,974.00 "," $6,864.00 ", $316.00 ,132.54%,0.2274,1.68%,6.13%,1.4%,3.37%,-0.0544,1.68%,33700,1.64%
2009,AMZN,LOGI,58.24," $24,509.00 "," $5,531.00 ", $902.00 , $0.10 ," $1,507.00 "," $5,257.00 ", $676.00 ,133.04%,0.2007,1.72%,6.53%,1.7%,3.68%,0.3303,1.72%,24300,-0.36%
